"","date","cases_sevendayaveraged"
"1","2020-03-01",4.714286
"2","2020-03-02",5.285714
"3","2020-03-03",7.285714
"4","2020-03-04",12.857142
"5","2020-03-05",20.714285
"6","2020-03-06",28.428572
"7","2020-03-07",34.285713
"8","2020-03-08",44.42857
"9","2020-03-09",53.57143
"10","2020-03-10",58.57143
"11","2020-03-11",73.85714
"12","2020-03-12",103.42857
"13","2020-03-13",153
"14","2020-03-14",215.14285
"15","2020-03-15",271.57144
"16","2020-03-16",312.14285
"17","2020-03-17",367.2857
"18","2020-03-18",432.14285
"19","2020-03-19",506.14285
"20","2020-03-20",589.1429
"21","2020-03-21",668.5714
"22","2020-03-22",779.2857
"23","2020-03-23",898
"24","2020-03-24",1029.4286
"25","2020-03-25",1270.4286
"26","2020-03-26",1494.7142
"27","2020-03-27",1735
"28","2020-03-28",2020.5714
"29","2020-03-29",2292.2856
"30","2020-03-30",2519.5715
"31","2020-03-31",2727.7144
"32","2020-04-01",3000
"33","2020-04-02",3301.4285
"34","2020-04-03",3619.2856
"35","2020-04-04",3874.2856
"36","2020-04-05",4116.857
"37","2020-04-06",4288.5713
"38","2020-04-07",4394
"39","2020-04-08",4548
"40","2020-04-09",4692.857
"41","2020-04-10",4729.2856
"42","2020-04-11",4736.5713
"43","2020-04-12",4661.4287
"44","2020-04-13",4605.5713
"45","2020-04-14",4598.5713
"46","2020-04-15",4445.7144
"47","2020-04-16",4282.5713
"48","2020-04-17",4271.7144
"49","2020-04-18",4331.2856
"50","2020-04-19",4424.143
"51","2020-04-20",4589.7144
"52","2020-04-21",4643.143
"53","2020-04-22",4677.143
"54","2020-04-23",4743
"55","2020-04-24",4806.857
"56","2020-04-25",4788.857
"57","2020-04-26",4786.5713
"58","2020-04-27",4645.5713
"59","2020-04-28",4587.7144
"60","2020-04-29",4630.2856
"61","2020-04-30",4619.2856
"62","2020-05-01",4607.2856
"63","2020-05-02",4578
"64","2020-05-03",4550.143
"65","2020-05-04",4478.857
"66","2020-05-05",4411.143
"67","2020-05-06",4219.5713
"68","2020-05-07",4072
"69","2020-05-08",3843.2856
"70","2020-05-09",3675.5715
"71","2020-05-10",3432.4285
"72","2020-05-11",3277
"73","2020-05-12",3182
"74","2020-05-13",3212.5715
"75","2020-05-14",3173.1428
"76","2020-05-15",3101.4285
"77","2020-05-16",2936.1428
"78","2020-05-17",2859.8572
"79","2020-05-18",2847.2856
"80","2020-05-19",2775.8572
"81","2020-05-20",2628.5715
"82","2020-05-21",2579
"83","2020-05-22",2491.7144
"84","2020-05-23",2482.7144
"85","2020-05-24",2415.1428
"86","2020-05-25",2336.5715
"87","2020-05-26",2270.2856
"88","2020-05-27",2133.7144
"89","2020-05-28",1991.8572
"90","2020-05-29",1864.1428
"91","2020-05-30",1748.4286
"92","2020-05-31",1673.2858
"93","2020-06-01",1616.1428
"94","2020-06-02",1574.2858
"95","2020-06-03",1547.7142
"96","2020-06-04",1465.1428
"97","2020-06-05",1400
"98","2020-06-06",1327.4286
"99","2020-06-07",1269.1428
"100","2020-06-08",1222.2858
"101","2020-06-09",1171.1428
"102","2020-06-10",1122.5714
"103","2020-06-11",1075.8572
"104","2020-06-12",1051.1428
"105","2020-06-13",1017.4286
"106","2020-06-14",1007.4286
"107","2020-06-15",1019.1429
"108","2020-06-16",1034
"109","2020-06-17",1026.2858
"110","2020-06-18",1017.4286
"111","2020-06-19",991.8571
"112","2020-06-20",993.1429
"113","2020-06-21",984.5714
"114","2020-06-22",955.5714
"115","2020-06-23",928.4286
"116","2020-06-24",907.5714
"117","2020-06-25",876.1429
"118","2020-06-26",841.8571
"119","2020-06-27",799.5714
"120","2020-06-28",752.8571
"121","2020-06-29",748.5714
"122","2020-06-30",721.8571
"123","2020-07-01",696.8571
"124","2020-07-02",659.7143
"125","2020-07-03",641.8571
"126","2020-07-04",624.7143
"127","2020-07-05",610.7143
"128","2020-07-06",574.4286
"129","2020-07-07",590
"130","2020-07-08",588.5714
"131","2020-07-09",586.5714
"132","2020-07-10",595.2857
"133","2020-07-11",611.8571
"134","2020-07-12",611.8571
"135","2020-07-13",620.2857
"136","2020-07-14",592.8571
"137","2020-07-15",596.5714
"138","2020-07-16",610.2857
"139","2020-07-17",619.4286
"140","2020-07-18",618
"141","2020-07-19",620
"142","2020-07-20",626.7143
"143","2020-07-21",638.4286
"144","2020-07-22",651.2857
"145","2020-07-23",663.1429
"146","2020-07-24",668.7143
"147","2020-07-25",682.4286
"148","2020-07-26",709.8571
"149","2020-07-27",713.4286
"150","2020-07-28",729.8571
"151","2020-07-29",735.4286
"152","2020-07-30",745.1429
"153","2020-07-31",780.2857
"154","2020-08-01",800
"155","2020-08-02",789.1429
"156","2020-08-03",793.2857
"157","2020-08-04",793.4286
"158","2020-08-05",820.7143
"159","2020-08-06",850.7143
"160","2020-08-07",854.8571
"161","2020-08-08",877.5714
"162","2020-08-09",916.8571
"163","2020-08-10",938.4286
"164","2020-08-11",947.4286
"165","2020-08-12",1010.1429
"166","2020-08-13",1054.7142
"167","2020-08-14",1076.2858
"168","2020-08-15",1083.5714
"169","2020-08-16",1113.8572
"170","2020-08-17",1114.4286
"171","2020-08-18",1110.8572
"172","2020-08-19",1082.1428
"173","2020-08-20",1044.7142
"174","2020-08-21",1050.4286
"175","2020-08-22",1099.2858
"176","2020-08-23",1104
"177","2020-08-24",1122.2858
"178","2020-08-25",1155
"179","2020-08-26",1155.2858
"180","2020-08-27",1177.2858
"181","2020-08-28",1192.4286
"182","2020-08-29",1205.7142
"183","2020-08-30",1264.8572
"184","2020-08-31",1320.2858
"185","2020-09-01",1368.8572
"186","2020-09-02",1399.2858
"187","2020-09-03",1544.7142
"188","2020-09-04",1786
"189","2020-09-05",2009
"190","2020-09-06",2217.5715
"191","2020-09-07",2406.2856
"192","2020-09-08",2591.1428
"193","2020-09-09",2936.5715
"194","2020-09-10",3091.1428
"195","2020-09-11",3132.2856
"196","2020-09-12",3200.2856
"197","2020-09-13",3233.4285
"198","2020-09-14",3250.4285
"199","2020-09-15",3206
"200","2020-09-16",3134.1428
"201","2020-09-17",3160
"202","2020-09-18",3307.7144
"203","2020-09-19",3457.2856
"204","2020-09-20",3692.8572
"205","2020-09-21",4009.8572
"206","2020-09-22",4465
"207","2020-09-23",4779.143
"208","2020-09-24",5192
"209","2020-09-25",5577.2856
"210","2020-09-26",6006.857
"211","2020-09-27",6341.857
"212","2020-09-28",6616.2856
"213","2020-09-29",6856.7144
"214","2020-09-30",7479
"215","2020-10-01",8039.7144
"216","2020-10-02",8842.714
"217","2020-10-03",9653.429
"218","2020-10-04",10587.143
"219","2020-10-05",11281
"220","2020-10-06",11985.286
"221","2020-10-07",12952.429
"222","2020-10-08",13935.857
"223","2020-10-09",14772.429
"224","2020-10-10",15496.429
"225","2020-10-11",15787.714
"226","2020-10-12",15927.857
"227","2020-10-13",15963.429
"228","2020-10-14",16380.286
"229","2020-10-15",16646.857
"230","2020-10-16",16839.285
"231","2020-10-17",16865.143
"232","2020-10-18",17154
"233","2020-10-19",17473.143
"234","2020-10-20",17774.428
"235","2020-10-21",18660.285
"236","2020-10-22",19588.428
"237","2020-10-23",20416.143
"238","2020-10-24",21111.715
"239","2020-10-25",21651.572
"240","2020-10-26",21873.285
"241","2020-10-27",22099.572
"242","2020-10-28",22233.143
"243","2020-10-29",22052.857
"244","2020-10-30",21793.857
"245","2020-10-31",21813.715
"246","2020-11-01",21984.572
"247","2020-11-02",22018.715
"248","2020-11-03",22029.428
"249","2020-11-04",22760.572
"250","2020-11-05",22988
"251","2020-11-06",23006
"252","2020-11-07",23070.143
"253","2020-11-08",23180
"254","2020-11-09",23479
"255","2020-11-10",24089.572
"256","2020-11-11",24030.285
"257","2020-11-12",24294
"258","2020-11-13",24826.857
"259","2020-11-14",24935.857
"260","2020-11-15",25040
"261","2020-11-16",24962.428
"262","2020-11-17",24389.428
"263","2020-11-18",23738.285
"264","2020-11-19",23123.857
"265","2020-11-20",22169.428
"266","2020-11-21",21200.143
"267","2020-11-22",20159
"268","2020-11-23",19346.143
"269","2020-11-24",18726.428
"270","2020-11-25",17593.857
"271","2020-11-26",16621.143
"272","2020-11-27",16012.286
"273","2020-11-28",15543.714
"274","2020-11-29",15180
"275","2020-11-30",14973.286
"276","2020-12-01",14824.286
"277","2020-12-02",14706.286
"278","2020-12-03",14707
"279","2020-12-04",14687.286
"280","2020-12-05",14844.286
"281","2020-12-06",15027.143
"282","2020-12-07",15285.286
"283","2020-12-08",15696.571
"284","2020-12-09",16180.286
"285","2020-12-10",16806.143
"286","2020-12-11",17553.715
"287","2020-12-12",18561.715
"288","2020-12-13",19784
"289","2020-12-14",20740.428
"290","2020-12-15",21959.715
"291","2020-12-16",23904.428
"292","2020-12-17",25806.285
"293","2020-12-18",27737.428
"294","2020-12-19",29383.285
"295","2020-12-20",31101.715
"296","2020-12-21",31959
"297","2020-12-22",33501.855
"298","2020-12-23",35358.285
"299","2020-12-24",37086.43
"300","2020-12-25",38159.145
"301","2020-12-26",37867
"302","2020-12-27",34724.145
"303","2020-12-28",36941.43
"304","2020-12-29",39149.145
"305","2020-12-30",38894.285
"306","2020-12-31",44125
"307","2021-01-01",48300
"308","2021-01-02",51379.285
"309","2021-01-03",53959.715
"310","2021-01-04",56894.57
"311","2021-01-05",58011
"312","2021-01-06",62520.145
"313","2021-01-07",60169.855
"314","2021-01-08",58258.855
"315","2021-01-09",58150.285
"316","2021-01-10",60382.145
"317","2021-01-11",57293.715
"318","2021-01-12",54556.43
"319","2021-01-13",51787.855
"320","2021-01-14",49503.43
"321","2021-01-15",47749.855
"322","2021-01-16",46362
"323","2021-01-17",45411.57
"324","2021-01-18",44156.57
"325","2021-01-19",43073.43
"326","2021-01-20",41268.43
"327","2021-01-21",39822.43
"328","2021-01-22",38319.145
"329","2021-01-23",36752
"330","2021-01-24",35163.145
"331","2021-01-25",33890.855
"332","2021-01-26",32171.143
"333","2021-01-27",29996.857
"334","2021-01-28",28169
"335","2021-01-29",26785.715
"336","2021-01-30",25681.572
"337","2021-01-31",24553.572
"338","2021-02-01",23814
"339","2021-02-02",23561
"340","2021-02-03",22451.715
"341","2021-02-04",21385.285
"342","2021-02-05",20472.572
"343","2021-02-06",19575.428
"344","2021-02-07",18700.143
"345","2021-02-08",18007.715
"346","2021-02-09",17419.285
"347","2021-02-10",16451
"348","2021-02-11",15588.143
"349","2021-02-12",14728.857
"350","2021-02-13",13964
"351","2021-02-14",13430.571
"352","2021-02-15",12961.286
"353","2021-02-16",12580
"354","2021-02-17",12371.571
"355","2021-02-18",12187.857
"356","2021-02-19",11908.286
"357","2021-02-20",11716
"358","2021-02-21",11452.429
"359","2021-02-22",11349.286
"360","2021-02-23",11221.143
"361","2021-02-24",10781.429
"362","2021-02-25",10327.714
"363","2021-02-26",9885.571
"364","2021-02-27",9347.143
"365","2021-02-28",8783.429
"366","2021-03-01",8302.857
"367","2021-03-02",7842.143
"368","2021-03-03",7204.2856
"369","2021-03-04",6797.857
"370","2021-03-05",6415.7144
"371","2021-03-06",6117.5713
"372","2021-03-07",5929.7144
"373","2021-03-08",5883.857
"374","2021-03-09",5817.7144
"375","2021-03-10",5774.5713
"376","2021-03-11",5713.143
"377","2021-03-12",5724.2856
"378","2021-03-13",5723.7144
"379","2021-03-14",5759.4287
"380","2021-03-15",5724.143
"381","2021-03-16",5726.2856
"382","2021-03-17",5699.5713
"383","2021-03-18",5610.2856
"384","2021-03-19",5571.4287
"385","2021-03-20",5528.4287
"386","2021-03-21",5451.7144
"387","2021-03-22",5432.5713
"388","2021-03-23",5570.4287
"389","2021-03-24",5535.5713
"390","2021-03-25",5481.4287
"391","2021-03-26",5516.5713
"392","2021-03-27",5514.2856
"393","2021-03-28",5426.7144
"394","2021-03-29",5353
"395","2021-03-30",5301.5713
"396","2021-03-31",4978.2856
"397","2021-04-01",4734.7144
"398","2021-04-02",4412.143
"399","2021-04-03",4134.7144
"400","2021-04-04",3874.7144
"401","2021-04-05",3700
"402","2021-04-06",3326
"403","2021-04-07",3118.5715
"404","2021-04-08",3052
"405","2021-04-09",2950.1428
"406","2021-04-10",2874.8572
"407","2021-04-11",2904.2856
"408","2021-04-12",2886
"409","2021-04-13",2880.8572
"410","2021-04-14",2900.4285
"411","2021-04-15",2783.5715
"412","2021-04-16",2677.7144
"413","2021-04-17",2563.1428
"414","2021-04-18",2476.5715
"415","2021-04-19",2382.5715
"416","2021-04-20",2412.2856
"417","2021-04-21",2391.8572
"418","2021-04-22",2398.4285
"419","2021-04-23",2426.4285
"420","2021-04-24",2435.5715
"421","2021-04-25",2388.8572
"422","2021-04-26",2366.2856
"423","2021-04-27",2299.8572
"424","2021-04-28",2283.8572
"425","2021-04-29",2232
"426","2021-04-30",2202.1428
"427","2021-05-01",2176.5715
"428","2021-05-02",2148.7144
"429","2021-05-03",2130
"430","2021-05-04",2044.5714
"431","2021-05-05",1967.1428
"432","2021-05-06",2020.7142
"433","2021-05-07",2030.7142
"434","2021-05-08",2044.4286
"435","2021-05-09",2066.8572
"436","2021-05-10",2092
"437","2021-05-11",2204.2856
"438","2021-05-12",2307.8572
"439","2021-05-13",2275.8572
"440","2021-05-14",2242.4285
"441","2021-05-15",2221.8572
"442","2021-05-16",2215.5715
"443","2021-05-17",2218.2856
"444","2021-05-18",2163.4285
"445","2021-05-19",2170.4285
"446","2021-05-20",2239.4285
"447","2021-05-21",2307.7144
"448","2021-05-22",2355.5715
"449","2021-05-23",2416.8572
"450","2021-05-24",2470
"451","2021-05-25",2527.5715
"452","2021-05-26",2600.5715
"453","2021-05-27",2688.4285
"454","2021-05-28",2846.8572
"455","2021-05-29",3022.5715
"456","2021-05-30",3197.1428
"457","2021-05-31",3340
"458","2021-06-01",3459.7144
"459","2021-06-02",3535.1428
"460","2021-06-03",3821.4285
"461","2021-06-04",4142.2856
"462","2021-06-05",4501
"463","2021-06-06",4825.5713
"464","2021-06-07",5072.857
"465","2021-06-08",5411.4287
"466","2021-06-09",5989.857
"467","2021-06-10",6342
"468","2021-06-11",6633.7144
"469","2021-06-12",6888.7144
"470","2021-06-13",7139.857
"471","2021-06-14",7361.7144
"472","2021-06-15",7590.4287
"473","2021-06-16",7935.5713
"474","2021-06-17",8350.429
"475","2021-06-18",8756.429
"476","2021-06-19",9194
"477","2021-06-20",9579.857
"478","2021-06-21",9888.857
"479","2021-06-22",10310.571
"480","2021-06-23",11160
"481","2021-06-24",12103.143
"482","2021-06-25",13145.857
"483","2021-06-26",14232.714
"484","2021-06-27",15354
"485","2021-06-28",16476
"486","2021-06-29",17678.143
"487","2021-06-30",19408.143
"488","2021-07-01",20950.572
"489","2021-07-02",22460.857
"490","2021-07-03",23900.857
"491","2021-07-04",25068
"492","2021-07-05",26169.285
"493","2021-07-06",27121.857
"494","2021-07-07",28050.572
"495","2021-07-08",29173.572
"496","2021-07-09",30555.572
"497","2021-07-10",31302.143
"498","2021-07-11",32225.715
"499","2021-07-12",32849.855
"500","2021-07-13",33611.715
"501","2021-07-14",34982
"502","2021-07-15",36645.855
"503","2021-07-16",38976.285
"504","2021-07-17",42973.43
"505","2021-07-18",46182
"506","2021-07-19",47624.43
"507","2021-07-20",48435.715
"508","2021-07-21",48923.285
"509","2021-07-22",47804.57
"510","2021-07-23",45038.57
"511","2021-07-24",40649.715
"512","2021-07-25",36728.715
"513","2021-07-26",34496.715
"514","2021-07-27",32497.428
"515","2021-07-28",29934.143
"516","2021-07-29",28463.572
"517","2021-07-30",27704.857
"518","2021-07-31",27298.285
"519","2021-08-01",26860
"520","2021-08-02",26534
"521","2021-08-03",26362.285
"522","2021-08-04",26342.143
"523","2021-08-05",26469.428
"524","2021-08-06",26769.572
"525","2021-08-07",27230.715
"526","2021-08-08",27700.143
"527","2021-08-09",27981.572
"528","2021-08-10",28253.285
"529","2021-08-11",28585
"530","2021-08-12",28734.285
"531","2021-08-13",28878.857
"532","2021-08-14",28888.285
"533","2021-08-15",29022.428
"534","2021-08-16",29382
"535","2021-08-17",29730.572
"536","2021-08-18",30408.428
"537","2021-08-19",31323
"538","2021-08-20",32092.857
"539","2021-08-21",32775
"540","2021-08-22",33240.285
"541","2021-08-23",33737.285
"542","2021-08-24",34225.285
"543","2021-08-25",34626.43
"544","2021-08-26",34592.43
"545","2021-08-27",34597.855
"546","2021-08-28",34756.715
"547","2021-08-29",34973
"548","2021-08-30",34839.43
"549","2021-08-31",34467
"550","2021-09-01",33761.145
"551","2021-09-02",34836.855
"552","2021-09-03",35516.145
"553","2021-09-04",36189.715
"554","2021-09-05",36888
"555","2021-09-06",37489.285
"556","2021-09-07",38298.855
"557","2021-09-08",39749.57
"558","2021-09-09",38807.715
"559","2021-09-10",37710.145
"560","2021-09-11",36516.715
"561","2021-09-12",35167.285
"562","2021-09-13",33984.855
"563","2021-09-14",32878.715
"564","2021-09-15",31411.428
"565","2021-09-16",30385.143
"566","2021-09-17",29608.715
"567","2021-09-18",28999.572
"568","2021-09-19",29041.285
"569","2021-09-20",29485.857
"570","2021-09-21",30489.285
"571","2021-09-22",31362.143
"572","2021-09-23",32421.143
"573","2021-09-24",33327.145
"574","2021-09-25",34204.43
"575","2021-09-26",34580
"576","2021-09-27",34854.57
"577","2021-09-28",34997.285
"578","2021-09-29",35114.57
"579","2021-09-30",34786
"580","2021-10-01",34511.855
"581","2021-10-02",34048
"582","2021-10-03",33612.285
"583","2021-10-04",33290.715
"584","2021-10-05",33287.285
"585","2021-10-06",33593.57
"586","2021-10-07",33983.715
"587","2021-10-08",34616.145
"588","2021-10-09",35453.43
"589","2021-10-10",36389.715
"590","2021-10-11",37245.43
"591","2021-10-12",37868.145
"592","2021-10-13",38806.855
"593","2021-10-14",40098.57
"594","2021-10-15",41314.43
"595","2021-10-16",42450.715
"596","2021-10-17",43586.145
"597","2021-10-18",44382.145
"598","2021-10-19",45429.855
"599","2021-10-20",46492.57
"600","2021-10-21",47093.715
"601","2021-10-22",47648.855
"602","2021-10-23",47473.855
"603","2021-10-24",47060.145
"604","2021-10-25",46663.715
"605","2021-10-26",45522.57
"606","2021-10-27",44054.43
"607","2021-10-28",42568
"608","2021-10-29",41337.145
"609","2021-10-30",40793.715
"610","2021-10-31",40734.715
"611","2021-11-01",40515.57
"612","2021-11-02",40379.855
"613","2021-11-03",40043.145
"614","2021-11-04",39456.715
"615","2021-11-05",38448.285
"616","2021-11-06",37344.285
"617","2021-11-07",35925.285
"618","2021-11-08",35049.145
"619","2021-11-09",34445.145
"620","2021-11-10",34304.715
"621","2021-11-11",34908.57
"622","2021-11-12",35902.285
"623","2021-11-13",36950.43
"624","2021-11-14",38014
"625","2021-11-15",38792.43
"626","2021-11-16",39499
"627","2021-11-17",40473.57
"628","2021-11-18",41071.285
"629","2021-11-19",41493.145
"630","2021-11-20",41930.715
"631","2021-11-21",42194
"632","2021-11-22",42544
"633","2021-11-23",42789.43
"634","2021-11-24",42758.715
"635","2021-11-25",43011.145
"636","2021-11-26",43136.43
"637","2021-11-27",43045.43
"638","2021-11-28",43006
"639","2021-11-29",42715.715
"640","2021-11-30",43066.57
"641","2021-12-01",43860.285
"642","2021-12-02",44931.43
"643","2021-12-03",46081.145
"644","2021-12-04",47066
"645","2021-12-05",47971.285
"646","2021-12-06",48754.285
"647","2021-12-07",48946.43
"648","2021-12-08",49432.855
"649","2021-12-09",49513.285
"650","2021-12-10",50085.715
"651","2021-12-11",51039.43
"652","2021-12-12",52014.43
"653","2021-12-13",53415.855
"654","2021-12-14",55145.43
"655","2021-12-15",59070.43
"656","2021-12-16",65717.57
"657","2021-12-17",73414.14
"658","2021-12-18",80422.71
"659","2021-12-19",86623.43
"660","2021-12-20",92379
"661","2021-12-21",97518.29
"662","2021-12-22",104203.57
"663","2021-12-23",110990
"664","2021-12-24",117969.57
"665","2021-12-25",125766.43
"666","2021-12-26",131676.58
"667","2021-12-27",129030.86
"668","2021-12-28",132910
"669","2021-12-29",141630.72
"670","2021-12-30",150513
"671","2021-12-31",166404.14
"672","2022-01-01",177253.14
"673","2022-01-02",184581.58
"674","2022-01-03",191426.14
"675","2022-01-04",200680.58
"676","2022-01-05",205664.86
"677","2022-01-06",214690.28
"678","2022-01-07",207458.28
"679","2022-01-08",198373.14
"680","2022-01-09",188618.86
"681","2022-01-10",185096
"682","2022-01-11",172913.42
"683","2022-01-12",159064.58
"684","2022-01-13",136150
"685","2022-01-14",119156.43
"686","2022-01-15",108218.14
"687","2022-01-16",103366.43
"688","2022-01-17",101128.57
"689","2022-01-18",101458.14
"690","2022-01-19",101251.71
"691","2022-01-20",101767.71
"692","2022-01-21",102987.86
"693","2022-01-22",103546.71
"694","2022-01-23",104318.86
"695","2022-01-24",104859.29
"696","2022-01-25",105469
"697","2022-01-26",104876.14
"698","2022-01-27",104068.29
"699","2022-01-28",103626.57
"700","2022-01-29",103037.57
"701","2022-01-30",101937
"702","2022-01-31",100762.57
"703","2022-02-01",98667.86
"704","2022-02-02",95480.29
"705","2022-02-03",92729.86
"706","2022-02-04",89837
"707","2022-02-05",87043.14
"708","2022-02-06",84077.14
"709","2022-02-07",81047.57
"710","2022-02-08",77169
"711","2022-02-09",73087.86
"712","2022-02-10",69618.14
"713","2022-02-11",66178.29
"714","2022-02-12",62699.57
"715","2022-02-13",60027.43
"716","2022-02-14",57916.57
"717","2022-02-15",55231.285
"718","2022-02-16",52125.855
"719","2022-02-17",49674.57
"720","2022-02-18",47850.715
"721","2022-02-19",46768.285
"722","2022-02-20",45151.43
"723","2022-02-21",44739.715
"724","2022-02-22",44163.285
"725","2022-02-23",42790
"726","2022-02-24",40888
"727","2022-02-25",38731.43
"728","2022-02-26",36719.285
"729","2022-02-27",35947.285
"730","2022-02-28",34581.855
"731","2022-03-01",33673.285
"732","2022-03-02",33604.285
"733","2022-03-03",34405.285
"734","2022-03-04",35791.43
"735","2022-03-05",37667.145
"736","2022-03-06",39605.855
"737","2022-03-07",41558.715
"738","2022-03-08",44082.43
"739","2022-03-09",47492.57
"740","2022-03-10",51109.285
"741","2022-03-11",55016.715
"742","2022-03-12",58838
"743","2022-03-13",62498.285
"744","2022-03-14",65829.57
"745","2022-03-15",69645.71
"746","2022-03-16",74119.14
"747","2022-03-17",77490
"748","2022-03-18",80092.86
"749","2022-03-19",81856.14
"750","2022-03-20",83035.43
"751","2022-03-21",83798.14
"752","2022-03-22",84557.43
"753","2022-03-23",85907.71
"754","2022-03-24",86677.29
"755","2022-03-25",87025
"756","2022-03-26",87032.43
"757","2022-03-27",86624.57
"758","2022-03-28",85773
"759","2022-03-29",83956.14
"760","2022-03-30",81609.14
"761","2022-03-31",78899.29
"762","2022-04-01",75964.71
"763","2022-04-02",71948.43
"764","2022-04-03",68381.57
"765","2022-04-04",64972.43
"766","2022-04-05",61235.715
"767","2022-04-06",55645.715
"768","2022-04-07",51213.57
"769","2022-04-08",47086
"770","2022-04-09",44788.57
"771","2022-04-10",42720.855
"772","2022-04-11",41334.145
"773","2022-04-12",39730.285
"774","2022-04-13",37393.715
"775","2022-04-14",35203.715
"776","2022-04-15",33337.285
"777","2022-04-16",31613
"778","2022-04-17",29988.572
"779","2022-04-18",28851.428
"780","2022-04-19",27307.428
"781","2022-04-20",25572
"782","2022-04-21",24429.285
"783","2022-04-22",22968.143
"784","2022-04-23",21800.285
"785","2022-04-24",20955.428
"786","2022-04-25",19996.143
"787","2022-04-26",19220.572
"788","2022-04-27",18061.428
"789","2022-04-28",16459.715
"790","2022-04-29",15259.429
"791","2022-04-30",14280
"792","2022-05-01",13467
"793","2022-05-02",12773.286
"794","2022-05-03",11961.714
"795","2022-05-04",11218.571
"796","2022-05-05",11041.143
"797","2022-05-06",10843.571
"798","2022-05-07",10645.429
"799","2022-05-08",10494.286
"800","2022-05-09",10374.714
"801","2022-05-10",10378.714
"802","2022-05-11",10206.571
"803","2022-05-12",9696.571
"804","2022-05-13",9275.571
"805","2022-05-14",8907.143
"806","2022-05-15",8619.714
"807","2022-05-16",8420.143
"808","2022-05-17",8264.571
"809","2022-05-18",8081
"810","2022-05-19",7872.143
"811","2022-05-20",7716.857
"812","2022-05-21",7599.4287
"813","2022-05-22",7439.2856
"814","2022-05-23",7282
"815","2022-05-24",6999.7144
"816","2022-05-25",6699.143
"817","2022-05-26",6469.5713
"818","2022-05-27",6277.4287
"819","2022-05-28",6125
"820","2022-05-29",6066.143
"821","2022-05-30",6061.7144
"822","2022-05-31",6016.4287
"823","2022-06-01",5988.143
"824","2022-06-02",6047.2856
"825","2022-06-03",6149.857
"826","2022-06-04",6215
"827","2022-06-05",6390.143
"828","2022-06-06",6747.857
"829","2022-06-07",7338.5713
"830","2022-06-08",8000.2856
"831","2022-06-09",8617.143
"832","2022-06-10",9299
"833","2022-06-11",10029
"834","2022-06-12",10621.714
"835","2022-06-13",10991
"836","2022-06-14",11402.143
"837","2022-06-15",11905.714
"838","2022-06-16",12438.571
"839","2022-06-17",12874.714
"840","2022-06-18",13289.857
"841","2022-06-19",13737.714
"842","2022-06-20",14244.286
"843","2022-06-21",14859.143
"844","2022-06-22",15526.286
"845","2022-06-23",16348.429
"846","2022-06-24",17210.715
"847","2022-06-25",17977.143
"848","2022-06-26",18610.143
"849","2022-06-27",19064
"850","2022-06-28",19604.143
"851","2022-06-29",20341.572
"852","2022-06-30",20933.715
"853","2022-07-01",21466.285
"854","2022-07-02",22130.572
"855","2022-07-03",22887.715
"856","2022-07-04",23625
"857","2022-07-05",24625.285
"858","2022-07-06",25853.857
"859","2022-07-07",26764.428
"860","2022-07-08",27492.572
"861","2022-07-09",27808.857
"862","2022-07-10",27946.143
"863","2022-07-11",27844
"864","2022-07-12",27460.572
"865","2022-07-13",26906.572
"866","2022-07-14",26268.143
"867","2022-07-15",25433.572
"868","2022-07-16",24668.715
"869","2022-07-17",23775.572
"870","2022-07-18",22885.715
"871","2022-07-19",21762.857
"872","2022-07-20",20176
"873","2022-07-21",18708
"874","2022-07-22",17609.857
"875","2022-07-23",16618.143
"876","2022-07-24",15763.714
"877","2022-07-25",15037.571
"878","2022-07-26",14186
"879","2022-07-27",13411.857
"880","2022-07-28",12705.429
"881","2022-07-29",11901.857
"882","2022-07-30",11212
"883","2022-07-31",10659.143
"884","2022-08-01",10286.429
"885","2022-08-02",9879.429
"886","2022-08-03",9384.571
"887","2022-08-04",9019.571
"888","2022-08-05",8706.571
"889","2022-08-06",8416.143
"890","2022-08-07",8136.143
"891","2022-08-08",7864
"892","2022-08-09",7595.5713
"893","2022-08-10",7343.143
"894","2022-08-11",7077.2856
"895","2022-08-12",6848
"896","2022-08-13",6690.4287
"897","2022-08-14",6517.7144
"898","2022-08-15",6385.5713
"899","2022-08-16",6216.4287
"900","2022-08-17",5981.5713
"901","2022-08-18",5731.5713
"902","2022-08-19",5486.4287
"903","2022-08-20",5253.7144
"904","2022-08-21",5064.143
"905","2022-08-22",4922.2856
"906","2022-08-23",4739.7144
"907","2022-08-24",4568.2856
"908","2022-08-25",4456.7144
"909","2022-08-26",4388.4287
"910","2022-08-27",4278.7144
"911","2022-08-28",4198.5713
"912","2022-08-29",4142.857
"913","2022-08-30",4050.5715
"914","2022-08-31",3970.2856
"915","2022-09-01",4034.2856
"916","2022-09-02",4043.1428
"917","2022-09-03",4122.2856
"918","2022-09-04",4173.2856
"919","2022-09-05",4216.857
"920","2022-09-06",4338.143
"921","2022-09-07",4404.2856
"922","2022-09-08",4311.7144
"923","2022-09-09",4257.2856
"924","2022-09-10",4171.143
"925","2022-09-11",4134.7144
"926","2022-09-12",4113.4287
"927","2022-09-13",4121.857
"928","2022-09-14",4148
"929","2022-09-15",4229.4287
"930","2022-09-16",4334.857
"931","2022-09-17",4461.5713
"932","2022-09-18",4544.5713
"933","2022-09-19",4580.7144
"934","2022-09-20",4579.5713
"935","2022-09-21",4702.143
"936","2022-09-22",5085
"937","2022-09-23",5453.5713
"938","2022-09-24",5765.143
"939","2022-09-25",6101
"940","2022-09-26",6415
"941","2022-09-27",6829.4287
"942","2022-09-28",7179.7144
"943","2022-09-29",7240.5713
"944","2022-09-30",7363.5713
"945","2022-10-01",7517.857
"946","2022-10-02",7679.2856
"947","2022-10-03",7871.5713
"948","2022-10-04",8152.143
"949","2022-10-05",8591.286
"950","2022-10-06",8978.571
"951","2022-10-07",9238.143
"952","2022-10-08",9451.571
"953","2022-10-09",9642.286
"954","2022-10-10",9640.571
"955","2022-10-11",9548.286
"956","2022-10-12",9377.571
"957","2022-10-13",9162.714
"958","2022-10-14",8953.857
"959","2022-10-15",8774.571
"960","2022-10-16",8634.571
"961","2022-10-17",8547.286
"962","2022-10-18",8436.143
"963","2022-10-19",8365.429
"964","2022-10-20",8190.2856
"965","2022-10-21",8023
"966","2022-10-22",7800.4287
"967","2022-10-23",7561.4287
"968","2022-10-24",7350.857
"969","2022-10-25",7028.4287
"970","2022-10-26",6572
"971","2022-10-27",6204.857
"972","2022-10-28",5897.857
"973","2022-10-29",5652
"974","2022-10-30",5381.143
"975","2022-10-31",5183.2856
"976","2022-11-01",5004.4287
"977","2022-11-02",4764.7144
"978","2022-11-03",4605.2856
"979","2022-11-04",4400.2856
"980","2022-11-05",4232.143
"981","2022-11-06",4047.2856
"982","2022-11-07",3916.1428
"983","2022-11-08",3772.7144
"984","2022-11-09",3657.2856
"985","2022-11-10",3554.4285
"986","2022-11-11",3491.8572
"987","2022-11-12",3424.2856
"988","2022-11-13",3393.7144
"989","2022-11-14",3360.5715
"990","2022-11-15",3309.8572
"991","2022-11-16",3253
"992","2022-11-17",3210.8572
"993","2022-11-18",3165.7144
"994","2022-11-19",3141.7144
"995","2022-11-20",3124.5715
"996","2022-11-21",3124.2856
"997","2022-11-22",3121.1428
"998","2022-11-23",3123.2856
"999","2022-11-24",3162
"1000","2022-11-25",3212.8572
"1001","2022-11-26",3254.5715
"1002","2022-11-27",3273
"1003","2022-11-28",3290.1428
"1004","2022-11-29",3369.8572
"1005","2022-11-30",3470
"1006","2022-12-01",3553
"1007","2022-12-02",3605
"1008","2022-12-03",3630.1428
"1009","2022-12-04",3729.2856
"1010","2022-12-05",3757.4285
"1011","2022-12-06",3805.7144
"1012","2022-12-07",3903.7144
"1013","2022-12-08",4025.8572
"1014","2022-12-09",4199.4287
"1015","2022-12-10",4346.857
"1016","2022-12-11",4435.4287
"1017","2022-12-12",4552.857
"1018","2022-12-13",4673.5713
"1019","2022-12-14",4910.857
"1020","2022-12-15",5178
"1021","2022-12-16",5369.143
"1022","2022-12-17",5591.5713
"1023","2022-12-18",5858.4287
"1024","2022-12-19",6026
"1025","2022-12-20",6189
"1026","2022-12-21",6487.143
"1027","2022-12-22",6704.2856
"1028","2022-12-23",6885.5713
"1029","2022-12-24",6997.4287
"1030","2022-12-25",6948.4287
"1031","2022-12-26",6861.143
"1032","2022-12-27",6564.2856
"1033","2022-12-28",5975.2856
"1034","2022-12-29",5685.857
"1035","2022-12-30",5774
"1036","2022-12-31",5894.143
"1037","2023-01-01",5949.143
"1038","2023-01-02",5971.2856
"1039","2023-01-03",5966.857
"1040","2023-01-04",5982.143
"1041","2023-01-05",5932.857
"1042","2023-01-06",5528.7144
"1043","2023-01-07",5095.143
"1044","2023-01-08",4770
"1045","2023-01-09",4547.857
"1046","2023-01-10",4427.5713
"1047","2023-01-11",4220.2856
"1048","2023-01-12",3771.4285
"1049","2023-01-13",3350.7144
"1050","2023-01-14",3036
"1051","2023-01-15",2790.4285
"1052","2023-01-16",2614.1428
"1053","2023-01-17",2475.5715
"1054","2023-01-18",2326.7144
"1055","2023-01-19",2196.4285
"1056","2023-01-20",2121.4285
"1057","2023-01-21",2057
"1058","2023-01-22",2019.4286
"1059","2023-01-23",2022.8572
"1060","2023-01-24",2030.7142
"1061","2023-01-25",2043.7142
"1062","2023-01-26",2124.4285
"1063","2023-01-27",2200.2856
"1064","2023-01-28",2273.8572
"1065","2023-01-29",2357.2856
"1066","2023-01-30",2420
"1067","2023-01-31",2498.2856
"1068","2023-02-01",2627
"1069","2023-02-02",2738.4285
"1070","2023-02-03",2856.2856
"1071","2023-02-04",2953
"1072","2023-02-05",3027.1428
"1073","2023-02-06",3089.4285
"1074","2023-02-07",3141.1428
"1075","2023-02-08",3201.5715
"1076","2023-02-09",3225.2856
"1077","2023-02-10",3252.1428
"1078","2023-02-11",3271.4285
"1079","2023-02-12",3317.8572
"1080","2023-02-13",3343.5715
"1081","2023-02-14",3396
"1082","2023-02-15",3525.4285
"1083","2023-02-16",3665.5715
"1084","2023-02-17",3749.4285
"1085","2023-02-18",3882.8572
"1086","2023-02-19",3993.7144
"1087","2023-02-20",4074.8572
"1088","2023-02-21",4148.7144
"1089","2023-02-22",4152
"1090","2023-02-23",4152.4287
"1091","2023-02-24",4146.857
"1092","2023-02-25",4073.2856
"1093","2023-02-26",3977.5715
"1094","2023-02-27",3919.2856
"1095","2023-02-28",3842.8572
"1096","2023-03-01",3819.2856
"1097","2023-03-02",3797.4285
"1098","2023-03-03",3821.1428
"1099","2023-03-04",3845.4285
"1100","2023-03-05",3891.1428
"1101","2023-03-06",3902.4285
"1102","2023-03-07",3949.8572
"1103","2023-03-08",3999.8572
"1104","2023-03-09",4051.4285
"1105","2023-03-10",4102.857
"1106","2023-03-11",4160.7144
"1107","2023-03-12",4202.5713
"1108","2023-03-13",4290.2856
"1109","2023-03-14",4425.7144
"1110","2023-03-15",4537.857
"1111","2023-03-16",4639.4287
"1112","2023-03-17",4659
"1113","2023-03-18",4738.2856
"1114","2023-03-19",4763
"1115","2023-03-20",4766.857
"1116","2023-03-21",4720
"1117","2023-03-22",4636.2856
"1118","2023-03-23",4590.2856
"1119","2023-03-24",4589.7144
"1120","2023-03-25",4523.4287
"1121","2023-03-26",4521.2856
"1122","2023-03-27",4464.4287
"1123","2023-03-28",4378.143
"1124","2023-03-29",4252.7144
"1125","2023-03-30",4067.5715
"1126","2023-03-31",3923.5715
"1127","2023-04-01",3783.5715
"1128","2023-04-02",3596
"1129","2023-04-03",3494.4285
"1130","2023-04-04",3352.1428
"1131","2023-04-05",3119.4285
"1132","2023-04-06",2906.7144
"1133","2023-04-07",2726.7144
"1134","2023-04-08",2559.4285
"1135","2023-04-09",2413.4285
"1136","2023-04-10",2323
"1137","2023-04-11",2231.1428
"1138","2023-04-12",2181.8572
"1139","2023-04-13",2200
"1140","2023-04-14",2163.1428
"1141","2023-04-15",2141.8572
"1142","2023-04-16",2131
"1143","2023-04-17",2091.4285
"1144","2023-04-18",2107.8572
"1145","2023-04-19",2092.7144
"1146","2023-04-20",2002.8572
"1147","2023-04-21",1937.1428
"1148","2023-04-22",1869.1428
"1149","2023-04-23",1831.8572
"1150","2023-04-24",1814.2858
"1151","2023-04-25",1756.5714
"1152","2023-04-26",1695.4286
"1153","2023-04-27",1664.7142
"1154","2023-04-28",1644
"1155","2023-04-29",1642.8572
"1156","2023-04-30",1641.7142
"1157","2023-05-01",1646.5714
"1158","2023-05-02",1619.1428
"1159","2023-05-03",1602.2858
"1160","2023-05-04",1626.1428
"1161","2023-05-05",1616.7142
"1162","2023-05-06",1612
"1163","2023-05-07",1586.1428
"1164","2023-05-08",1539.2858
"1165","2023-05-09",1511.7142
"1166","2023-05-10",1462.1428
"1167","2023-05-11",1406.1428
"1168","2023-05-12",1368.2858
"1169","2023-05-13",1322.5714
"1170","2023-05-14",1282.5714
"1171","2023-05-15",1261.1428
"1172","2023-05-16",1248
"1173","2023-05-17",1220.1428
"1174","2023-05-18",1161.5714
"1175","2023-05-19",1119
"1176","2023-05-20",1083.4286
"1177","2023-05-21",1070.4286
"1178","2023-05-22",1057.7142
"1179","2023-05-23",1037.1428
"1180","2023-05-24",1029.4286
"1181","2023-05-25",1025
"1182","2023-05-26",1013
"1183","2023-05-27",989.1429
"1184","2023-05-28",965.5714
"1185","2023-05-29",942.7143
"1186","2023-05-30",900.1429
"1187","2023-05-31",846.7143
"1188","2023-06-01",809
"1189","2023-06-02",792.1429
"1190","2023-06-03",770.4286
"1191","2023-06-04",751.5714
"1192","2023-06-05",738.4286
"1193","2023-06-06",738.8571
"1194","2023-06-07",747.8571
"1195","2023-06-08",746.4286
"1196","2023-06-09",726.8571
"1197","2023-06-10",713.1429
"1198","2023-06-11",699.2857
"1199","2023-06-12",684.4286
"1200","2023-06-13",670.5714
"1201","2023-06-14",641.1429
"1202","2023-06-15",601.7143
"1203","2023-06-16",566.2857
"1204","2023-06-17",539.1429
"1205","2023-06-18",517.1429
"1206","2023-06-19",510.7143
"1207","2023-06-20",484.2857
"1208","2023-06-21",454.57144
"1209","2023-06-22",434
"1210","2023-06-23",417.57144
"1211","2023-06-24",410.14285
"1212","2023-06-25",400.57144
"1213","2023-06-26",386.85715
"1214","2023-06-27",379.14285
"1215","2023-06-28",362
"1216","2023-06-29",346.85715
"1217","2023-06-30",337
"1218","2023-07-01",321.42856
"1219","2023-07-02",313.42856
"1220","2023-07-03",306.85715
"1221","2023-07-04",302.14285
"1222","2023-07-05",308.14285
"1223","2023-07-06",311.2857
"1224","2023-07-07",319.7143
"1225","2023-07-08",332
"1226","2023-07-09",350.7143
"1227","2023-07-10",365.2857
"1228","2023-07-11",383.57144
"1229","2023-07-12",399.7143
"1230","2023-07-13",421.14285
"1231","2023-07-14",432.42856
"1232","2023-07-15",446.57144
"1233","2023-07-16",444.85715
"1234","2023-07-17",451.14285
"1235","2023-07-18",450.7143
"1236","2023-07-19",462.14285
"1237","2023-07-20",476
"1238","2023-07-21",484.57144
"1239","2023-07-22",499.14285
"1240","2023-07-23",516.8571
"1241","2023-07-24",528.5714
"1242","2023-07-25",546.7143
"1243","2023-07-26",565.8571
"1244","2023-07-27",588.2857
"1245","2023-07-28",616
"1246","2023-07-29",635.5714
"1247","2023-07-30",668.1429
"1248","2023-07-31",704.2857
"1249","2023-08-01",749.7143
"1250","2023-08-02",785.8571
"1251","2023-08-03",816.4286
"1252","2023-08-04",847
"1253","2023-08-05",878
"1254","2023-08-06",901.8571
"1255","2023-08-07",912.4286
"1256","2023-08-08",925.7143
"1257","2023-08-09",956.7143
"1258","2023-08-10",1003
"1259","2023-08-11",1046.2858
"1260","2023-08-12",1082.7142
"1261","2023-08-13",1111
"1262","2023-08-14",1144.2858
"1263","2023-08-15",1167.7142
"1264","2023-08-16",1189
"1265","2023-08-17",1192
"1266","2023-08-18",1200.2858
"1267","2023-08-19",1211.1428
"1268","2023-08-20",1220.8572
"1269","2023-08-21",1220.8572
"1270","2023-08-22",1226.7142
"1271","2023-08-23",1243.7142
"1272","2023-08-24",1262.7142
"1273","2023-08-25",1270.4286
"1274","2023-08-26",1278.4286
"1275","2023-08-27",1284
"1276","2023-08-28",1284.8572
"1277","2023-08-29",1276.7142
"1278","2023-08-30",1260
"1279","2023-08-31",1289.4286
"1280","2023-09-01",1354.7142
"1281","2023-09-02",1416.5714
"1282","2023-09-03",1495.8572
"1283","2023-09-04",1572.4286
"1284","2023-09-05",1687.4286
"1285","2023-09-06",1825.5714
"1286","2023-09-07",1909.2858
"1287","2023-09-08",1957.1428
"1288","2023-09-09",1987.4286
"1289","2023-09-10",1990.4286
"1290","2023-09-11",1985.4286
"1291","2023-09-12",1964.1428
"1292","2023-09-13",1934.7142
"1293","2023-09-14",1886
"1294","2023-09-15",1822
"1295","2023-09-16",1787
"1296","2023-09-17",1753.2858
"1297","2023-09-18",1739
"1298","2023-09-19",1737.1428
"1299","2023-09-20",1746.1428
"1300","2023-09-21",1789.4286
"1301","2023-09-22",1848.7142
"1302","2023-09-23",1890
"1303","2023-09-24",1937.4286
"1304","2023-09-25",1978
"1305","2023-09-26",2039.5714
"1306","2023-09-27",2128.4285
"1307","2023-09-28",2238.1428
"1308","2023-09-29",2348.8572
"1309","2023-09-30",2425.7144
"1310","2023-10-01",2488.8572
"1311","2023-10-02",2542.7144
"1312","2023-10-03",2596.1428
"1313","2023-10-04",2586.5715
"1314","2023-10-05",2553
"1315","2023-10-06",2497.1428
"1316","2023-10-07",2462.2856
"1317","2023-10-08",2440.4285
"1318","2023-10-09",2383.2856
"1319","2023-10-10",2319.2856
"1320","2023-10-11",2261.2856
"1321","2023-10-12",2168.7144
"1322","2023-10-13",2089.8572
"1323","2023-10-14",1987.1428
"1324","2023-10-15",1894.2858
"1325","2023-10-16",1815.5714
"1326","2023-10-17",1690.7142
"1327","2023-10-18",1572.4286
"1328","2023-10-19",1480.8572
"1329","2023-10-20",1405.8572
"1330","2023-10-21",1373.7142
"1331","2023-10-22",1324.4286
"1332","2023-10-23",1286.8572
"1333","2023-10-24",1253.5714
"1334","2023-10-25",1213.7142
"1335","2023-10-26",1177.5714
"1336","2023-10-27",1122.5714
"1337","2023-10-28",1077.4286
"1338","2023-10-29",1046.4286
"1339","2023-10-30",1863.2858
"1340","2023-10-31",1719.8572
"1341","2023-11-01",1548
"1342","2023-11-02",1377.5714
"1343","2023-11-03",1228.7142
"1344","2023-11-04",1080.1428
"1345","2023-11-05",942.7143
"1346","2023-11-06",695.4286
"1347","2023-11-07",695.4286
"1348","2023-11-08",695.4286
"1349","2023-11-09",695.4286
"1350","2023-11-10",695.4286
"1351","2023-11-11",695.4286
"1352","2023-11-12",695.4286
"1353","2023-11-13",746
"1354","2023-11-14",746
"1355","2023-11-15",746
"1356","2023-11-16",746
"1357","2023-11-17",746
"1358","2023-11-18",746
"1359","2023-11-19",746
"1360","2023-11-20",676.2857
"1361","2023-11-21",676.2857
"1362","2023-11-22",676.2857
"1363","2023-11-23",676.2857
"1364","2023-11-24",676.2857
"1365","2023-11-25",676.2857
"1366","2023-11-26",676.2857
"1367","2023-11-27",770.1429
"1368","2023-11-28",770.1429
"1369","2023-11-29",770.1429
"1370","2023-11-30",770.1429
"1371","2023-12-01",770.1429
"1372","2023-12-02",770.1429
"1373","2023-12-03",770.1429
"1374","2023-12-04",1078.2858
"1375","2023-12-05",1078.2858
"1376","2023-12-06",1078.2858
"1377","2023-12-07",1078.2858
"1378","2023-12-08",1078.2858
"1379","2023-12-09",1078.2858
"1380","2023-12-10",1078.2858
"1381","2023-12-11",1352.1428
"1382","2023-12-12",1352.1428
"1383","2023-12-13",1352.1428
"1384","2023-12-14",1352.1428
"1385","2023-12-15",1352.1428
"1386","2023-12-16",1352.1428
"1387","2023-12-17",1352.1428
"1388","2023-12-18",1529.7142
"1389","2023-12-19",1529.7142
"1390","2023-12-20",1529.7142
"1391","2023-12-21",1529.7142
"1392","2023-12-22",1529.7142
"1393","2023-12-23",1529.7142
"1394","2023-12-24",1529.7142
"1395","2023-12-25",1450.5714
"1396","2023-12-26",1450.5714
"1397","2023-12-27",1450.5714
"1398","2023-12-28",1450.5714
"1399","2023-12-29",1450.5714
"1400","2023-12-30",1450.5714
"1401","2023-12-31",1450.5714
"1402","2024-01-01",1263.8572
"1403","2024-01-02",1263.8572
"1404","2024-01-03",1263.8572
"1405","2024-01-04",1263.8572
"1406","2024-01-05",1263.8572
"1407","2024-01-06",1263.8572
"1408","2024-01-07",1263.8572
"1409","2024-01-08",965.5714
"1410","2024-01-09",965.5714
"1411","2024-01-10",965.5714
"1412","2024-01-11",965.5714
"1413","2024-01-12",965.5714
"1414","2024-01-13",965.5714
"1415","2024-01-14",965.5714
"1416","2024-01-15",934.2857
"1417","2024-01-16",934.2857
"1418","2024-01-17",934.2857
"1419","2024-01-18",934.2857
"1420","2024-01-19",934.2857
"1421","2024-01-20",934.2857
"1422","2024-01-21",934.2857
"1423","2024-01-22",942.7143
"1424","2024-01-23",942.7143
"1425","2024-01-24",942.7143
"1426","2024-01-25",942.7143
"1427","2024-01-26",942.7143
"1428","2024-01-27",942.7143
"1429","2024-01-28",942.7143
"1430","2024-01-29",736.7143
"1431","2024-01-30",736.7143
"1432","2024-01-31",736.7143
"1433","2024-02-01",736.7143
"1434","2024-02-02",736.7143
"1435","2024-02-03",736.7143
"1436","2024-02-04",736.7143
"1437","2024-02-05",581.5714
"1438","2024-02-06",581.5714
"1439","2024-02-07",581.5714
"1440","2024-02-08",581.5714
"1441","2024-02-09",581.5714
"1442","2024-02-10",581.5714
"1443","2024-02-11",581.5714
"1444","2024-02-12",411
"1445","2024-02-13",411
"1446","2024-02-14",411
"1447","2024-02-15",411
"1448","2024-02-16",411
"1449","2024-02-17",411
"1450","2024-02-18",411
"1451","2024-02-19",282.57144
"1452","2024-02-20",282.57144
"1453","2024-02-21",282.57144
"1454","2024-02-22",282.57144
"1455","2024-02-23",282.57144
"1456","2024-02-24",282.57144
"1457","2024-02-25",282.57144
"1458","2024-02-26",224.28572
"1459","2024-02-27",224.28572
"1460","2024-02-28",224.28572
"1461","2024-02-29",224.28572
"1462","2024-03-01",224.28572
"1463","2024-03-02",224.28572
"1464","2024-03-03",224.28572
"1465","2024-03-04",229.28572
"1466","2024-03-05",229.28572
"1467","2024-03-06",229.28572
"1468","2024-03-07",229.28572
"1469","2024-03-08",229.28572
"1470","2024-03-09",229.28572
"1471","2024-03-10",229.28572
"1472","2024-03-11",245.57143
"1473","2024-03-12",245.57143
"1474","2024-03-13",245.57143
"1475","2024-03-14",245.57143
"1476","2024-03-15",245.57143
"1477","2024-03-16",245.57143
"1478","2024-03-17",245.57143
"1479","2024-03-18",215
"1480","2024-03-19",215
"1481","2024-03-20",215
"1482","2024-03-21",215
"1483","2024-03-22",215
"1484","2024-03-23",215
"1485","2024-03-24",215
"1486","2024-03-25",208.14285
"1487","2024-03-26",208.14285
"1488","2024-03-27",208.14285
"1489","2024-03-28",208.14285
"1490","2024-03-29",208.14285
"1491","2024-03-30",208.14285
"1492","2024-03-31",208.14285
"1493","2024-04-01",225.71428
"1494","2024-04-02",225.71428
"1495","2024-04-03",225.71428
"1496","2024-04-04",225.71428
"1497","2024-04-05",225.71428
"1498","2024-04-06",225.71428
"1499","2024-04-07",225.71428
"1500","2024-04-08",211.57143
"1501","2024-04-09",211.57143
"1502","2024-04-10",211.57143
"1503","2024-04-11",211.57143
"1504","2024-04-12",211.57143
"1505","2024-04-13",211.57143
"1506","2024-04-14",211.57143
"1507","2024-04-15",232.57143
"1508","2024-04-16",232.57143
"1509","2024-04-17",232.57143
"1510","2024-04-18",232.57143
"1511","2024-04-19",232.57143
"1512","2024-04-20",232.57143
"1513","2024-04-21",232.57143
"1514","2024-04-22",293
"1515","2024-04-23",293
"1516","2024-04-24",293
"1517","2024-04-25",293
"1518","2024-04-26",293
"1519","2024-04-27",293
"1520","2024-04-28",293
"1521","2024-04-29",406.85715
"1522","2024-04-30",406.85715
"1523","2024-05-01",406.85715
"1524","2024-05-02",406.85715
"1525","2024-05-03",406.85715
"1526","2024-05-04",406.85715
"1527","2024-05-05",406.85715
"1528","2024-05-06",421.2857
"1529","2024-05-07",421.2857
"1530","2024-05-08",421.2857
"1531","2024-05-09",421.2857
"1532","2024-05-10",421.2857
"1533","2024-05-11",421.2857
"1534","2024-05-12",421.2857
"1535","2024-05-13",371
"1536","2024-05-14",371
"1537","2024-05-15",371
"1538","2024-05-16",371
"1539","2024-05-17",371
"1540","2024-05-18",371
"1541","2024-05-19",371
"1542","2024-05-20",326.42856
"1543","2024-05-21",326.42856
"1544","2024-05-22",326.42856
"1545","2024-05-23",326.42856
"1546","2024-05-24",326.42856
"1547","2024-05-25",326.42856
"1548","2024-05-26",326.42856
"1549","2024-05-27",345
"1550","2024-05-28",345
"1551","2024-05-29",345
"1552","2024-05-30",345
"1553","2024-05-31",345
"1554","2024-06-01",345
"1555","2024-06-02",345
"1556","2024-06-03",410.42856
"1557","2024-06-04",410.42856
"1558","2024-06-05",410.42856
"1559","2024-06-06",410.42856
"1560","2024-06-07",410.42856
"1561","2024-06-08",410.42856
"1562","2024-06-09",410.42856
"1563","2024-06-10",549.7143
"1564","2024-06-11",549.7143
"1565","2024-06-12",549.7143
"1566","2024-06-13",549.7143
"1567","2024-06-14",549.7143
"1568","2024-06-15",549.7143
"1569","2024-06-16",549.7143
"1570","2024-06-17",692.1429
"1571","2024-06-18",692.1429
"1572","2024-06-19",692.1429
"1573","2024-06-20",692.1429
"1574","2024-06-21",692.1429
"1575","2024-06-22",692.1429
"1576","2024-06-23",692.1429
"1577","2024-06-24",694.7143
"1578","2024-06-25",694.7143
"1579","2024-06-26",694.7143
"1580","2024-06-27",694.7143
"1581","2024-06-28",694.7143
"1582","2024-06-29",694.7143
"1583","2024-06-30",694.7143
"1584","2024-07-01",679.1429
"1585","2024-07-02",679.1429
"1586","2024-07-03",679.1429
"1587","2024-07-04",679.1429
"1588","2024-07-05",679.1429
"1589","2024-07-06",679.1429
"1590","2024-07-07",679.1429
"1591","2024-07-08",753.1429
"1592","2024-07-09",753.1429
"1593","2024-07-10",753.1429
"1594","2024-07-11",753.1429
"1595","2024-07-12",753.1429
"1596","2024-07-13",753.1429
"1597","2024-07-14",753.1429
"1598","2024-07-15",730.1429
"1599","2024-07-16",730.1429
"1600","2024-07-17",730.1429
"1601","2024-07-18",730.1429
"1602","2024-07-19",730.1429
"1603","2024-07-20",730.1429
"1604","2024-07-21",730.1429
"1605","2024-07-22",601.7143
"1606","2024-07-23",601.7143
"1607","2024-07-24",601.7143
"1608","2024-07-25",601.7143
"1609","2024-07-26",601.7143
"1610","2024-07-27",601.7143
"1611","2024-07-28",601.7143
"1612","2024-07-29",499.42856
"1613","2024-07-30",499.42856
"1614","2024-07-31",499.42856
"1615","2024-08-01",499.42856
"1616","2024-08-02",499.42856
"1617","2024-08-03",499.42856
"1618","2024-08-04",499.42856
"1619","2024-08-05",370
"1620","2024-08-06",370
"1621","2024-08-07",370
"1622","2024-08-08",370
"1623","2024-08-09",370
"1624","2024-08-10",370
"1625","2024-08-11",370
"1626","2024-08-12",319.2857
"1627","2024-08-13",319.2857
"1628","2024-08-14",319.2857
"1629","2024-08-15",319.2857
"1630","2024-08-16",319.2857
"1631","2024-08-17",319.2857
"1632","2024-08-18",319.2857
"1633","2024-08-19",291.42856
"1634","2024-08-20",291.42856
"1635","2024-08-21",291.42856
"1636","2024-08-22",291.42856
"1637","2024-08-23",291.42856
"1638","2024-08-24",291.42856
"1639","2024-08-25",291.42856
"1640","2024-08-26",320
"1641","2024-08-27",320
"1642","2024-08-28",320
"1643","2024-08-29",320
"1644","2024-08-30",320
"1645","2024-08-31",320
"1646","2024-09-01",320
"1647","2024-09-02",330.2857
"1648","2024-09-03",330.2857
"1649","2024-09-04",330.2857
"1650","2024-09-05",330.2857
"1651","2024-09-06",330.2857
"1652","2024-09-07",330.2857
"1653","2024-09-08",330.2857
"1654","2024-09-09",344.85715
"1655","2024-09-10",344.85715
"1656","2024-09-11",344.85715
"1657","2024-09-12",344.85715
"1658","2024-09-13",344.85715
"1659","2024-09-14",344.85715
"1660","2024-09-15",344.85715
"1661","2024-09-16",483.7143
"1662","2024-09-17",483.7143
"1663","2024-09-18",483.7143
"1664","2024-09-19",483.7143
"1665","2024-09-20",483.7143
"1666","2024-09-21",483.7143
"1667","2024-09-22",483.7143
"1668","2024-09-23",492.85715
"1669","2024-09-24",492.85715
"1670","2024-09-25",492.85715
"1671","2024-09-26",492.85715
"1672","2024-09-27",492.85715
"1673","2024-09-28",492.85715
"1674","2024-09-29",492.85715
"1675","2024-09-30",551.8571
"1676","2024-10-01",551.8571
"1677","2024-10-02",551.8571
"1678","2024-10-03",551.8571
"1679","2024-10-04",551.8571
"1680","2024-10-05",551.8571
"1681","2024-10-06",551.8571
"1682","2024-10-07",572.1429
"1683","2024-10-08",572.1429
"1684","2024-10-09",572.1429
"1685","2024-10-10",572.1429
"1686","2024-10-11",572.1429
"1687","2024-10-12",572.1429
"1688","2024-10-13",572.1429
"1689","2024-10-14",550.4286
"1690","2024-10-15",550.4286
"1691","2024-10-16",550.4286
"1692","2024-10-17",550.4286
"1693","2024-10-18",550.4286
"1694","2024-10-19",550.4286
"1695","2024-10-20",550.4286
"1696","2024-10-21",424.42856
"1697","2024-10-22",424.42856
"1698","2024-10-23",424.42856
"1699","2024-10-24",424.42856
"1700","2024-10-25",424.42856
"1701","2024-10-26",424.42856
"1702","2024-10-27",424.42856
"1703","2024-10-28",303.42856
"1704","2024-10-29",303.42856
"1705","2024-10-30",303.42856
"1706","2024-10-31",303.42856
"1707","2024-11-01",303.42856
"1708","2024-11-02",303.42856
"1709","2024-11-03",303.42856
"1710","2024-11-04",248.14285
"1711","2024-11-05",248.14285
"1712","2024-11-06",248.14285
"1713","2024-11-07",248.14285
"1714","2024-11-08",248.14285
"1715","2024-11-09",248.14285
"1716","2024-11-10",248.14285
"1717","2024-11-11",192.28572
"1718","2024-11-12",192.28572
"1719","2024-11-13",192.28572
"1720","2024-11-14",192.28572
"1721","2024-11-15",192.28572
"1722","2024-11-16",192.28572
"1723","2024-11-17",192.28572
"1724","2024-11-18",197.71428
"1725","2024-11-19",197.71428
"1726","2024-11-20",197.71428
"1727","2024-11-21",197.71428
"1728","2024-11-22",197.71428
"1729","2024-11-23",197.71428
"1730","2024-11-24",197.71428
"1731","2024-11-25",194.42857
"1732","2024-11-26",194.42857
"1733","2024-11-27",194.42857
"1734","2024-11-28",194.42857
"1735","2024-11-29",194.42857
"1736","2024-11-30",194.42857
"1737","2024-12-01",194.42857
"1738","2024-12-02",195.71428
"1739","2024-12-03",195.71428
"1740","2024-12-04",195.71428
"1741","2024-12-05",195.71428
"1742","2024-12-06",195.71428
"1743","2024-12-07",195.71428
"1744","2024-12-08",195.71428
"1745","2024-12-09",182.71428
"1746","2024-12-10",182.71428
"1747","2024-12-11",182.71428
"1748","2024-12-12",182.71428
"1749","2024-12-13",182.71428
"1750","2024-12-14",182.71428
"1751","2024-12-15",182.71428
"1752","2024-12-16",0
"1753","2024-12-17",0
"1754","2024-12-18",0
"1755","2024-12-19",0
"1756","2024-12-20",0
"1757","2024-12-21",0
"1758","2024-12-22",0
